{"cameraMode":{"drawMode":0,"name":"Shaded","section":"Shading Mode"},"sceneLighting":false,"audioPlay":false,"sceneViewState":{"m_AlwaysRefresh":false,"showFog":true,"showSkybox":false,"showFlares":true,"showImageEffects":true,"showParticleSystems":true,"showVisualEffectGraphs":true,"m_FxEnabled":true},"in2DMode":false,"pivot":{"x":-0.8954167366027832,"y":-0.13203102350234986,"z":1.3997740745544434},"rotation":{"x":0.16850194334983827,"y":0.6890745759010315,"z":-0.16972585022449494,"w":0.6841174364089966},"size":1.2227493524551392,"orthographic":false}